{
   "8":{
      "Lighting":"-",
      "ISO":"6400",
      "Shutter":"1/30",
      "Aperture":"2.0"
   },
   "7":{
      "Lighting":"Snow/Sand",
      "ISO":"3200",
      "Shutter":"1/60",
      "Aperture":"2.8"
   },
   "6":{
      "Lighting":"Sunny",
      "ISO":"1600",
      "Shutter":"1/125",
      "Aperture":"4.0"
   },
   "5":{
      "Lighting":"Lightly Cloudy",
      "ISO":"800",
      "Shutter":"1/250",
      "Aperture":"5.6"
   },
   "4":{
      "Lighting":"Cloudy",
      "ISO":"400",
      "Shutter":"1/500",
      "Aperture":"8.0"
   },
   "3":{
      "Lighting":"Overcast",
      "ISO":"200",
      "Shutter":"1/1000",
      "Aperture":"11"
   },
   "2":{
      "Lighting":"Sunset/Shade",
      "ISO":"100",
      "Shutter":"1/2000",
      "Aperture":"16"
   },
   "1":{
      "Lighting":"Dusk",
      "ISO":"50",
      "Shutter":"1/4000",
      "Aperture":"22"
   }
}